{"cameraMode":{"drawMode":0,"name":"Shaded","section":"Shading Mode"},"sceneLighting":false,"audioPlay":false,"sceneViewState":{"m_AlwaysRefresh":false,"showFog":true,"showSkybox":false,"showFlares":true,"showImageEffects":true,"showParticleSystems":true,"showVisualEffectGraphs":true,"m_FxEnabled":true},"in2DMode":false,"pivot":{"x":2.119821310043335,"y":-0.6099185943603516,"z":-10.47952938079834},"rotation":{"x":0.11398481577634812,"y":-0.039923716336488727,"z":0.004552480299025774,"w":0.9927812814712524},"size":4.18125057220459,"orthographic":false}