{"cameraMode":{"drawMode":0,"name":"Shaded","section":"Shading Mode"},"sceneLighting":false,"audioPlay":false,"sceneViewState":{"m_AlwaysRefresh":false,"showFog":true,"showSkybox":false,"showFlares":true,"showImageEffects":true,"showParticleSystems":true,"showVisualEffectGraphs":true,"m_FxEnabled":true},"in2DMode":false,"pivot":{"x":4.478512763977051,"y":1.5318725109100342,"z":-7.708176136016846},"rotation":{"x":0.13998782634735108,"y":-0.19905541837215424,"z":0.028741396963596345,"w":0.9695160388946533},"size":3.2107646465301515,"orthographic":true}