{"cameraMode":{"drawMode":0,"name":"Shaded","section":"Shading Mode"},"sceneLighting":false,"audioPlay":false,"sceneViewState":{"m_AlwaysRefresh":false,"showFog":true,"showSkybox":false,"showFlares":true,"showImageEffects":true,"showParticleSystems":true,"showVisualEffectGraphs":true,"m_FxEnabled":true},"in2DMode":false,"pivot":{"x":0.013568964786827565,"y":1.101045846939087,"z":-0.8267862796783447},"rotation":{"x":0.7186257243156433,"y":0.008343927562236786,"z":-0.008623922243714333,"w":0.6952937841415405},"size":3.2042627334594728,"orthographic":true}