{"cameraMode":{"drawMode":0,"name":"Shaded","section":"Shading Mode"},"sceneLighting":false,"audioPlay":false,"sceneViewState":{"m_AlwaysRefresh":false,"showFog":true,"showSkybox":false,"showFlares":true,"showImageEffects":true,"showParticleSystems":true,"showVisualEffectGraphs":true,"m_FxEnabled":true},"in2DMode":false,"pivot":{"x":0.32103362679481509,"y":-1.6923409700393677,"z":0.38086193799972536},"rotation":{"x":0.48232725262641909,"y":0.015766199678182603,"z":-0.008682898245751858,"w":0.8758071660995483},"size":3.2107646465301515,"orthographic":false}