{"cameraMode":{"drawMode":0,"name":"Shaded","section":"Shading Mode"},"sceneLighting":true,"audioPlay":false,"sceneViewState":{"m_AlwaysRefresh":false,"showFog":true,"showSkybox":true,"showFlares":true,"showImageEffects":true,"showParticleSystems":true,"showVisualEffectGraphs":true,"m_FxEnabled":true},"in2DMode":false,"pivot":{"x":-0.32511234283447268,"y":1.7318345308303834,"z":-0.09654539078474045},"rotation":{"x":-0.015948457643389703,"y":-0.9159100651741028,"z":0.39951154589653017,"w":-0.03655637055635452},"size":3.602145195007324,"orthographic":false}