{"cameraMode":{"drawMode":0,"name":"Shaded","section":"Shading Mode"},"sceneLighting":true,"audioPlay":false,"sceneViewState":{"m_AlwaysRefresh":false,"showFog":true,"showSkybox":true,"showFlares":true,"showImageEffects":true,"showParticleSystems":true,"showVisualEffectGraphs":true,"m_FxEnabled":true},"in2DMode":false,"pivot":{"x":-6.540145397186279,"y":-107.69007873535156,"z":100.37655639648438},"rotation":{"x":0.4093116223812103,"y":-0.024346934631466867,"z":0.010934566147625447,"w":0.9121213555335999},"size":100.97846984863281,"orthographic":false}