{"cameraMode":{"drawMode":0,"name":"Shaded","section":"Shading Mode"},"sceneLighting":true,"audioPlay":false,"sceneViewState":{"m_AlwaysRefresh":false,"showFog":true,"showSkybox":true,"showFlares":true,"showImageEffects":true,"showParticleSystems":true,"showVisualEffectGraphs":true,"m_FxEnabled":true},"in2DMode":false,"pivot":{"x":-0.4394749402999878,"y":0.21171033382415772,"z":0.8789541721343994},"rotation":{"x":-0.09516357630491257,"y":0.8175838589668274,"z":-0.14144191145896913,"w":-0.5500230193138123},"size":12.461819648742676,"orthographic":false}