{"cameraMode":{"drawMode":0,"name":"Shaded","section":"Shading Mode"},"sceneLighting":false,"audioPlay":false,"sceneViewState":{"m_AlwaysRefresh":false,"showFog":true,"showSkybox":false,"showFlares":true,"showImageEffects":true,"showParticleSystems":true,"showVisualEffectGraphs":true,"m_FxEnabled":true},"in2DMode":false,"pivot":{"x":-2.0615267753601076,"y":0.21869850158691407,"z":-3.5176172256469728},"rotation":{"x":-0.02458745799958706,"y":-0.9745639562606812,"z":0.17765092849731446,"w":-0.13474197685718537},"size":2.2286994457244875,"orthographic":false}